<?xml version="1.0" encoding="UTF-8"?>
<OpenSimDocument Version="20302">
    <InverseDynamicsTool name="arm26">
        <!--Name of the .osim file used to construct a model.-->
        <model_file> arm26.osim </model_file>
        <!--Directory used for writing results.-->
        <results_directory> FilteredResults </results_directory>
        <!--The name of the file containing coordinate data. Can be a motion
		    (.mot) or a states (.sto) file.-->
        <coordinates_file> arm26_InverseKinematics.mot </coordinates_file>
        <coordinates_in_degrees>true</coordinates_in_degrees>
        <!--Low-pass cut-off frequency for filtering the coordinates_file data
		    (currently does not apply to states_file or speeds_file). A negative
		    value results in no filtering. The default value is -1.0, so no
		    filtering.-->
		    <lowpass_cutoff_frequency_for_coordinates>       6.00000000 </lowpass_cutoff_frequency_for_coordinates>
        <!--Time range over which the inverse dynamics problem is solved.-->
		    <time_range>       0.00000000       1.00000000 </time_range>
        <!--List of forces by individual or grouping name (e.g. All, actuators,
		        muscles, ...) to be excluded when computing model dynamics.-->
		    <forces_to_exclude> Muscles </forces_to_exclude>
        <!--Name of the storage file (.sto) to which the results should be
		        written.-->
		    <output_gen_force_file> arm26_InverseDynamics.sto </output_gen_force_file>      
    </InverseDynamicsTool>
</OpenSimDocument>

