<?xml version="1.0" encoding="UTF-8"?>
<OpenSimDocument Version="20302">
	<ControlSet name="RRA Control Constraints">
	<defaults/>
	<objects>
		<ControlLinear name="FX.excitation">
				<is_model_control> true </is_model_control>
				<extrapolate> true </extrapolate>
				<default_min>     -20.00000000000000000000 </default_min>
				<default_max>      20.00000000000000000000 </default_max>
				<filter_on> false </filter_on>
				<use_steps> false </use_steps>
				<x_nodes/>
				<min_nodes/>
				<max_nodes/>
				<kp>     100.00000000000000000000 </kp>
				<kv>      20.00000000000000000000 </kv>
		</ControlLinear>
		<ControlLinear name="FY.excitation">
				<is_model_control> true </is_model_control>
				<extrapolate> true </extrapolate>
				<default_min>     -20.00000000000000000000 </default_min>
				<default_max>      20.00000000000000000000 </default_max>
				<filter_on> false </filter_on>
				<use_steps> false </use_steps>
				<x_nodes/>
				<min_nodes/>
				<max_nodes/>
				<kp>     100.00000000000000000000 </kp>
				<kv>      20.00000000000000000000 </kv>
		</ControlLinear>
		<ControlLinear name="FZ.excitation">
				<is_model_control> true </is_model_control>
				<extrapolate> true </extrapolate>
				<default_min>     -20.00000000000000000000 </default_min>
				<default_max>      20.00000000000000000000 </default_max>
				<filter_on> false </filter_on>
				<use_steps> false </use_steps>
				<x_nodes/>
				<min_nodes/>
				<max_nodes/>
				<kp>     100.00000000000000000000 </kp>
				<kv>      20.00000000000000000000 </kv>
		</ControlLinear>
		<ControlLinear name="MX.excitation">
				<is_model_control> true </is_model_control>
				<extrapolate> true </extrapolate>
				<default_min>     -50.00000000000000000000 </default_min>
				<default_max>      50.00000000000000000000 </default_max>
				<filter_on> false </filter_on>
				<use_steps> false </use_steps>
				<x_nodes/>
				<min_nodes/>
				<max_nodes/>
				<kp>     100.00000000000000000000 </kp>
				<kv>      20.00000000000000000000 </kv>
		</ControlLinear>
		<ControlLinear name="MY.excitation">
				<is_model_control> true </is_model_control>
				<extrapolate> true </extrapolate>
				<default_min>     -50.00000000000000000000 </default_min>
				<default_max>      50.00000000000000000000 </default_max>
				<filter_on> false </filter_on>
				<use_steps> false </use_steps>
				<x_nodes/>
				<min_nodes/>
				<max_nodes/>
				<kp>     100.00000000000000000000 </kp>
				<kv>      20.00000000000000000000 </kv>
		</ControlLinear>
		<ControlLinear name="MZ.excitation">
				<is_model_control> true </is_model_control>
				<extrapolate> true </extrapolate>
				<default_min>     -50.00000000000000000000 </default_min>
				<default_max>      50.00000000000000000000 </default_max>
				<filter_on> false </filter_on>
				<use_steps> false </use_steps>
				<x_nodes/>
				<min_nodes/>
				<max_nodes/>
				<kp>     100.00000000000000000000 </kp>
				<kv>      20.00000000000000000000 </kv>
		</ControlLinear>
			<ControlLinear name="hip_flexion_r.excitation">
				<is_model_control> true </is_model_control>
				<extrapolate> true </extrapolate>
				<default_min>      -1.00000000000000000000 </default_min>
				<default_max>       1.00000000000000000000 </default_max>
				<filter_on> false </filter_on>
				<use_steps> false </use_steps>
				<x_nodes/>
				<min_nodes/>
				<max_nodes/>
				<kp>     100.00000000000000000000 </kp>
				<kv>      20.00000000000000000000 </kv>
			</ControlLinear>
			<ControlLinear name="hip_adduction_r.excitation">
				<is_model_control> true </is_model_control>
				<extrapolate> true </extrapolate>
				<default_min>      -1.00000000000000000000 </default_min>
				<default_max>       1.00000000000000000000 </default_max>
				<filter_on> false </filter_on>
				<use_steps> false </use_steps>
				<x_nodes/>
				<min_nodes/>
				<max_nodes/>
				<kp>     100.00000000000000000000 </kp>
				<kv>      20.00000000000000000000 </kv>
			</ControlLinear>
			<ControlLinear name="hip_rotation_r.excitation">
				<is_model_control> true </is_model_control>
				<extrapolate> true </extrapolate>
				<default_min>      -1.00000000000000000000 </default_min>
				<default_max>       1.00000000000000000000 </default_max>
				<filter_on> false </filter_on>
				<use_steps> false </use_steps>
				<x_nodes/>
				<min_nodes/>
				<max_nodes/>
				<kp>     100.00000000000000000000 </kp>
				<kv>      20.00000000000000000000 </kv>
			</ControlLinear>
			<ControlLinear name="knee_angle_r.excitation">
				<is_model_control> true </is_model_control>
				<extrapolate> true </extrapolate>
				<default_min>      -1.00000000000000000000 </default_min>
				<default_max>       1.00000000000000000000 </default_max>
				<filter_on> false </filter_on>
				<use_steps> false </use_steps>
				<x_nodes/>
				<min_nodes/>
				<max_nodes/>
				<kp>     100.00000000000000000000 </kp>
				<kv>      20.00000000000000000000 </kv>
			</ControlLinear>
			<ControlLinear name="ankle_angle_r.excitation">
				<is_model_control> true </is_model_control>
				<extrapolate> true </extrapolate>
				<default_min>      -1.00000000000000000000 </default_min>
				<default_max>       1.00000000000000000000 </default_max>
				<filter_on> false </filter_on>
				<use_steps> false </use_steps>
				<x_nodes/>
				<min_nodes/>
				<max_nodes/>
				<kp>     100.00000000000000000000 </kp>
				<kv>      20.00000000000000000000 </kv>
			</ControlLinear>
			<ControlLinear name="subtalar_angle_r.excitation">
				<is_model_control> true </is_model_control>
				<extrapolate> true </extrapolate>
				<default_min>      -1.00000000000000000000 </default_min>
				<default_max>       1.00000000000000000000 </default_max>
				<filter_on> false </filter_on>
				<use_steps> false </use_steps>
				<x_nodes/>
				<min_nodes/>
				<max_nodes/>
				<kp>     100.00000000000000000000 </kp>
				<kv>      20.00000000000000000000 </kv>
			</ControlLinear>
			<ControlLinear name="mtp_angle_r.excitation">
				<is_model_control> true </is_model_control>
				<extrapolate> true </extrapolate>
				<default_min>      -1.00000000000000000000 </default_min>
				<default_max>       1.00000000000000000000 </default_max>
				<filter_on> false </filter_on>
				<use_steps> false </use_steps>
				<x_nodes/>
				<min_nodes/>
				<max_nodes/>
				<kp>     100.00000000000000000000 </kp>
				<kv>      20.00000000000000000000 </kv>
			</ControlLinear>
			<ControlLinear name="hip_flexion_l.excitation">
				<is_model_control> true </is_model_control>
				<extrapolate> true </extrapolate>
				<default_min>      -1.00000000000000000000 </default_min>
				<default_max>       1.00000000000000000000 </default_max>
				<filter_on> false </filter_on>
				<use_steps> false </use_steps>
				<x_nodes/>
				<min_nodes/>
				<max_nodes/>
				<kp>     100.00000000000000000000 </kp>
				<kv>      20.00000000000000000000 </kv>
			</ControlLinear>
			<ControlLinear name="hip_adduction_l.excitation">
				<is_model_control> true </is_model_control>
				<extrapolate> true </extrapolate>
				<default_min>      -1.00000000000000000000 </default_min>
				<default_max>       1.00000000000000000000 </default_max>
				<filter_on> false </filter_on>
				<use_steps> false </use_steps>
				<x_nodes/>
				<min_nodes/>
				<max_nodes/>
				<kp>     100.00000000000000000000 </kp>
				<kv>      20.00000000000000000000 </kv>
			</ControlLinear>
			<ControlLinear name="hip_rotation_l.excitation">
				<is_model_control> true </is_model_control>
				<extrapolate> true </extrapolate>
				<default_min>      -1.00000000000000000000 </default_min>
				<default_max>       1.00000000000000000000 </default_max>
				<filter_on> false </filter_on>
				<use_steps> false </use_steps>
				<x_nodes/>
				<min_nodes/>
				<max_nodes/>
				<kp>     100.00000000000000000000 </kp>
				<kv>      20.00000000000000000000 </kv>
			</ControlLinear>
			<ControlLinear name="knee_angle_l.excitation">
				<is_model_control> true </is_model_control>
				<extrapolate> true </extrapolate>
				<default_min>      -1.00000000000000000000 </default_min>
				<default_max>       1.00000000000000000000 </default_max>
				<filter_on> false </filter_on>
				<use_steps> false </use_steps>
				<x_nodes/>
				<min_nodes/>
				<max_nodes/>
				<kp>     100.00000000000000000000 </kp>
				<kv>      20.00000000000000000000 </kv>
			</ControlLinear>
			<ControlLinear name="ankle_angle_l.excitation">
				<is_model_control> true </is_model_control>
				<extrapolate> true </extrapolate>
				<default_min>      -1.00000000000000000000 </default_min>
				<default_max>       1.00000000000000000000 </default_max>
				<filter_on> false </filter_on>
				<use_steps> false </use_steps>
				<x_nodes/>
				<min_nodes/>
				<max_nodes/>
				<kp>     100.00000000000000000000 </kp>
				<kv>      20.00000000000000000000 </kv>
			</ControlLinear>
			<ControlLinear name="subtalar_angle_l.excitation">
				<is_model_control> true </is_model_control>
				<extrapolate> true </extrapolate>
				<default_min>      -1.00000000000000000000 </default_min>
				<default_max>       1.00000000000000000000 </default_max>
				<filter_on> false </filter_on>
				<use_steps> false </use_steps>
				<x_nodes/>
				<min_nodes/>
				<max_nodes/>
				<kp>     100.00000000000000000000 </kp>
				<kv>      20.00000000000000000000 </kv>
			</ControlLinear>
			<ControlLinear name="mtp_angle_l.excitation">
				<is_model_control> true </is_model_control>
				<extrapolate> true </extrapolate>
				<default_min>      -1.00000000000000000000 </default_min>
				<default_max>       1.00000000000000000000 </default_max>
				<filter_on> false </filter_on>
				<use_steps> false </use_steps>
				<x_nodes/>
				<min_nodes/>
				<max_nodes/>
				<kp>     100.00000000000000000000 </kp>
				<kv>      20.00000000000000000000 </kv>
			</ControlLinear>
			<ControlLinear name="lumbar_extension.excitation">
				<is_model_control> true </is_model_control>
				<extrapolate> true </extrapolate>
				<default_min>      -1.00000000000000000000 </default_min>
				<default_max>       1.00000000000000000000 </default_max>
				<filter_on> false </filter_on>
				<use_steps> false </use_steps>
				<x_nodes/>
				<min_nodes/>
				<max_nodes/>
				<kp>     100.00000000000000000000 </kp>
				<kv>      20.00000000000000000000 </kv>
			</ControlLinear>
			<ControlLinear name="lumbar_bending.excitation">
				<is_model_control> true </is_model_control>
				<extrapolate> true </extrapolate>
				<default_min>      -1.00000000000000000000 </default_min>
				<default_max>       1.00000000000000000000 </default_max>
				<filter_on> false </filter_on>
				<use_steps> false </use_steps>
				<x_nodes/>
				<min_nodes/>
				<max_nodes/>
				<kp>     100.00000000000000000000 </kp>
				<kv>      20.00000000000000000000 </kv>
			</ControlLinear>
			<ControlLinear name="lumbar_rotation.excitation">
				<is_model_control> true </is_model_control>
				<extrapolate> true </extrapolate>
				<default_min>      -1.00000000000000000000 </default_min>
				<default_max>       1.00000000000000000000 </default_max>
				<filter_on> false </filter_on>
				<use_steps> false </use_steps>
				<x_nodes/>
				<min_nodes/>
				<max_nodes/>
				<kp>     100.00000000000000000000 </kp>
				<kv>      20.00000000000000000000 </kv>
			</ControlLinear>
		</objects>
		<groups/>
	</ControlSet>
</OpenSimDocument>

