<?xml version="1.0" encoding="UTF-8"?>
<OpenSimDocument Version="20302">
	<ControlSet name="Control Set">
	<defaults>
		<ControlLinear name="default">
			<is_model_control> true </is_model_control>
			<extrapolate> true </extrapolate>
				<default_min>       0.02000000 </default_min>
				<default_max>       1.00000000 </default_max>
				<filter_on> false </filter_on>
			<use_steps> true </use_steps>
				<x_nodes/>
				<min_nodes/>
				<max_nodes/>
				<kp>     100.00000000 </kp>
				<kv>      20.00000000 </kv>
		</ControlLinear>
	</defaults>
	<objects>
			<ControlLinear name="glut_med1_r.excitation">
				<is_model_control> true </is_model_control>
				<extrapolate> true </extrapolate>
				<default_min>       0.02000000 </default_min>
				<default_max>       1.00000000 </default_max>
				<filter_on> false </filter_on>
				<use_steps> true </use_steps>
				<x_nodes/>
				<min_nodes/>
				<max_nodes/>
				<kp>     100.00000000 </kp>
				<kv>      20.00000000 </kv>
			</ControlLinear>
			<ControlLinear name="glut_med2_r.excitation">
				<is_model_control> true </is_model_control>
				<extrapolate> true </extrapolate>
				<default_min>       0.02000000 </default_min>
				<default_max>       1.00000000 </default_max>
				<filter_on> false </filter_on>
				<use_steps> true </use_steps>
				<x_nodes/>
				<min_nodes/>
				<max_nodes/>
				<kp>     100.00000000 </kp>
				<kv>      20.00000000 </kv>
			</ControlLinear>
			<ControlLinear name="glut_med3_r.excitation">
				<is_model_control> true </is_model_control>
				<extrapolate> true </extrapolate>
				<default_min>       0.02000000 </default_min>
				<default_max>       1.00000000 </default_max>
				<filter_on> false </filter_on>
				<use_steps> true </use_steps>
				<x_nodes/>
				<min_nodes/>
				<max_nodes/>
				<kp>     100.00000000 </kp>
				<kv>      20.00000000 </kv>
			</ControlLinear>
			<ControlLinear name="bifemlh_r.excitation">
				<is_model_control> true </is_model_control>
				<extrapolate> true </extrapolate>
				<default_min>       0.02000000 </default_min>
				<default_max>       1.00000000 </default_max>
				<filter_on> false </filter_on>
				<use_steps> true </use_steps>
				<x_nodes/>
				<min_nodes/>
				<max_nodes/>
				<kp>     100.00000000 </kp>
				<kv>      20.00000000 </kv>
			</ControlLinear>
			<ControlLinear name="bifemsh_r.excitation">
				<is_model_control> true </is_model_control>
				<extrapolate> true </extrapolate>
				<default_min>       0.02000000 </default_min>
				<default_max>       1.00000000 </default_max>
				<filter_on> false </filter_on>
				<use_steps> true </use_steps>
				<x_nodes/>
				<min_nodes/>
				<max_nodes/>
				<kp>     100.00000000 </kp>
				<kv>      20.00000000 </kv>
			</ControlLinear>
			<ControlLinear name="sar_r.excitation">
				<is_model_control> true </is_model_control>
				<extrapolate> true </extrapolate>
				<default_min>       0.02000000 </default_min>
				<default_max>       1.00000000 </default_max>
				<filter_on> false </filter_on>
				<use_steps> true </use_steps>
				<x_nodes/>
				<min_nodes/>
				<max_nodes/>
				<kp>     100.00000000 </kp>
				<kv>      20.00000000 </kv>
			</ControlLinear>
			<ControlLinear name="add_mag2_r.excitation">
				<is_model_control> true </is_model_control>
				<extrapolate> true </extrapolate>
				<default_min>       0.02000000 </default_min>
				<default_max>       1.00000000 </default_max>
				<filter_on> false </filter_on>
				<use_steps> true </use_steps>
				<x_nodes/>
				<min_nodes/>
				<max_nodes/>
				<kp>     100.00000000 </kp>
				<kv>      20.00000000 </kv>
			</ControlLinear>
			<ControlLinear name="tfl_r.excitation">
				<is_model_control> true </is_model_control>
				<extrapolate> true </extrapolate>
				<default_min>       0.02000000 </default_min>
				<default_max>       1.00000000 </default_max>
				<filter_on> false </filter_on>
				<use_steps> true </use_steps>
				<x_nodes/>
				<min_nodes/>
				<max_nodes/>
				<kp>     100.00000000 </kp>
				<kv>      20.00000000 </kv>
			</ControlLinear>
			<ControlLinear name="pect_r.excitation">
				<is_model_control> true </is_model_control>
				<extrapolate> true </extrapolate>
				<default_min>       0.02000000 </default_min>
				<default_max>       1.00000000 </default_max>
				<filter_on> false </filter_on>
				<use_steps> true </use_steps>
				<x_nodes/>
				<min_nodes/>
				<max_nodes/>
				<kp>     100.00000000 </kp>
				<kv>      20.00000000 </kv>
			</ControlLinear>
			<ControlLinear name="grac_r.excitation">
				<is_model_control> true </is_model_control>
				<extrapolate> true </extrapolate>
				<default_min>       0.02000000 </default_min>
				<default_max>       1.00000000 </default_max>
				<filter_on> false </filter_on>
				<use_steps> true </use_steps>
				<x_nodes/>
				<min_nodes/>
				<max_nodes/>
				<kp>     100.00000000 </kp>
				<kv>      20.00000000 </kv>
			</ControlLinear>
			<ControlLinear name="glut_max1_r.excitation">
				<is_model_control> true </is_model_control>
				<extrapolate> true </extrapolate>
				<default_min>       0.02000000 </default_min>
				<default_max>       1.00000000 </default_max>
				<filter_on> false </filter_on>
				<use_steps> true </use_steps>
				<x_nodes/>
				<min_nodes/>
				<max_nodes/>
				<kp>     100.00000000 </kp>
				<kv>      20.00000000 </kv>
			</ControlLinear>
			<ControlLinear name="glut_max2_r.excitation">
				<is_model_control> true </is_model_control>
				<extrapolate> true </extrapolate>
				<default_min>       0.02000000 </default_min>
				<default_max>       1.00000000 </default_max>
				<filter_on> false </filter_on>
				<use_steps> true </use_steps>
				<x_nodes/>
				<min_nodes/>
				<max_nodes/>
				<kp>     100.00000000 </kp>
				<kv>      20.00000000 </kv>
			</ControlLinear>
			<ControlLinear name="glut_max3_r.excitation">
				<is_model_control> true </is_model_control>
				<extrapolate> true </extrapolate>
				<default_min>       0.02000000 </default_min>
				<default_max>       1.00000000 </default_max>
				<filter_on> false </filter_on>
				<use_steps> true </use_steps>
				<x_nodes/>
				<min_nodes/>
				<max_nodes/>
				<kp>     100.00000000 </kp>
				<kv>      20.00000000 </kv>
			</ControlLinear>
			<ControlLinear name="iliacus_r.excitation">
				<is_model_control> true </is_model_control>
				<extrapolate> true </extrapolate>
				<default_min>       0.02000000 </default_min>
				<default_max>       1.00000000 </default_max>
				<filter_on> false </filter_on>
				<use_steps> true </use_steps>
				<x_nodes/>
				<min_nodes/>
				<max_nodes/>
				<kp>     100.00000000 </kp>
				<kv>      20.00000000 </kv>
			</ControlLinear>
			<ControlLinear name="psoas_r.excitation">
				<is_model_control> true </is_model_control>
				<extrapolate> true </extrapolate>
				<default_min>       0.02000000 </default_min>
				<default_max>       1.00000000 </default_max>
				<filter_on> false </filter_on>
				<use_steps> true </use_steps>
				<x_nodes/>
				<min_nodes/>
				<max_nodes/>
				<kp>     100.00000000 </kp>
				<kv>      20.00000000 </kv>
			</ControlLinear>
			<ControlLinear name="quad_fem_r.excitation">
				<is_model_control> true </is_model_control>
				<extrapolate> true </extrapolate>
				<default_min>       0.02000000 </default_min>
				<default_max>       1.00000000 </default_max>
				<filter_on> false </filter_on>
				<use_steps> true </use_steps>
				<x_nodes/>
				<min_nodes/>
				<max_nodes/>
				<kp>     100.00000000 </kp>
				<kv>      20.00000000 </kv>
			</ControlLinear>
			<ControlLinear name="gem_r.excitation">
				<is_model_control> true </is_model_control>
				<extrapolate> true </extrapolate>
				<default_min>       0.02000000 </default_min>
				<default_max>       1.00000000 </default_max>
				<filter_on> false </filter_on>
				<use_steps> true </use_steps>
				<x_nodes/>
				<min_nodes/>
				<max_nodes/>
				<kp>     100.00000000 </kp>
				<kv>      20.00000000 </kv>
			</ControlLinear>
			<ControlLinear name="peri_r.excitation">
				<is_model_control> true </is_model_control>
				<extrapolate> true </extrapolate>
				<default_min>       0.02000000 </default_min>
				<default_max>       1.00000000 </default_max>
				<filter_on> false </filter_on>
				<use_steps> true </use_steps>
				<x_nodes/>
				<min_nodes/>
				<max_nodes/>
				<kp>     100.00000000 </kp>
				<kv>      20.00000000 </kv>
			</ControlLinear>
			<ControlLinear name="rect_fem_r.excitation">
				<is_model_control> true </is_model_control>
				<extrapolate> true </extrapolate>
				<default_min>       0.02000000 </default_min>
				<default_max>       1.00000000 </default_max>
				<filter_on> false </filter_on>
				<use_steps> true </use_steps>
				<x_nodes/>
				<min_nodes/>
				<max_nodes/>
				<kp>     100.00000000 </kp>
				<kv>      20.00000000 </kv>
			</ControlLinear>
			<ControlLinear name="vas_int_r.excitation">
				<is_model_control> true </is_model_control>
				<extrapolate> true </extrapolate>
				<default_min>       0.02000000 </default_min>
				<default_max>       1.00000000 </default_max>
				<filter_on> false </filter_on>
				<use_steps> true </use_steps>
				<x_nodes/>
				<min_nodes/>
				<max_nodes/>
				<kp>     100.00000000 </kp>
				<kv>      20.00000000 </kv>
			</ControlLinear>
			<ControlLinear name="med_gas_r.excitation">
				<is_model_control> true </is_model_control>
				<extrapolate> true </extrapolate>
				<default_min>       0.02000000 </default_min>
				<default_max>       1.00000000 </default_max>
				<filter_on> false </filter_on>
				<use_steps> true </use_steps>
				<x_nodes/>
				<min_nodes/>
				<max_nodes/>
				<kp>     100.00000000 </kp>
				<kv>      20.00000000 </kv>
			</ControlLinear>
			<ControlLinear name="soleus_r.excitation">
				<is_model_control> true </is_model_control>
				<extrapolate> true </extrapolate>
				<default_min>       0.02000000 </default_min>
				<default_max>       1.00000000 </default_max>
				<filter_on> false </filter_on>
				<use_steps> true </use_steps>
				<x_nodes/>
				<min_nodes/>
				<max_nodes/>
				<kp>     100.00000000 </kp>
				<kv>      20.00000000 </kv>
			</ControlLinear>
			<ControlLinear name="tib_post_r.excitation">
				<is_model_control> true </is_model_control>
				<extrapolate> true </extrapolate>
				<default_min>       0.02000000 </default_min>
				<default_max>       1.00000000 </default_max>
				<filter_on> false </filter_on>
				<use_steps> true </use_steps>
				<x_nodes/>
				<min_nodes/>
				<max_nodes/>
				<kp>     100.00000000 </kp>
				<kv>      20.00000000 </kv>
			</ControlLinear>
			<ControlLinear name="tib_ant_r.excitation">
				<is_model_control> true </is_model_control>
				<extrapolate> true </extrapolate>
				<default_min>       0.02000000 </default_min>
				<default_max>       1.00000000 </default_max>
				<filter_on> false </filter_on>
				<use_steps> true </use_steps>
				<x_nodes/>
				<min_nodes/>
				<max_nodes/>
				<kp>     100.00000000 </kp>
				<kv>      20.00000000 </kv>
			</ControlLinear>
			<ControlLinear name="glut_med1_l.excitation">
				<is_model_control> true </is_model_control>
				<extrapolate> true </extrapolate>
				<default_min>       0.02000000 </default_min>
				<default_max>       1.00000000 </default_max>
				<filter_on> false </filter_on>
				<use_steps> true </use_steps>
				<x_nodes/>
				<min_nodes/>
				<max_nodes/>
				<kp>     100.00000000 </kp>
				<kv>      20.00000000 </kv>
			</ControlLinear>
			<ControlLinear name="glut_med2_l.excitation">
				<is_model_control> true </is_model_control>
				<extrapolate> true </extrapolate>
				<default_min>       0.02000000 </default_min>
				<default_max>       1.00000000 </default_max>
				<filter_on> false </filter_on>
				<use_steps> true </use_steps>
				<x_nodes/>
				<min_nodes/>
				<max_nodes/>
				<kp>     100.00000000 </kp>
				<kv>      20.00000000 </kv>
			</ControlLinear>
			<ControlLinear name="glut_med3_l.excitation">
				<is_model_control> true </is_model_control>
				<extrapolate> true </extrapolate>
				<default_min>       0.02000000 </default_min>
				<default_max>       1.00000000 </default_max>
				<filter_on> false </filter_on>
				<use_steps> true </use_steps>
				<x_nodes/>
				<min_nodes/>
				<max_nodes/>
				<kp>     100.00000000 </kp>
				<kv>      20.00000000 </kv>
			</ControlLinear>
			<ControlLinear name="bifemlh_l.excitation">
				<is_model_control> true </is_model_control>
				<extrapolate> true </extrapolate>
				<default_min>       0.02000000 </default_min>
				<default_max>       1.00000000 </default_max>
				<filter_on> false </filter_on>
				<use_steps> true </use_steps>
				<x_nodes/>
				<min_nodes/>
				<max_nodes/>
				<kp>     100.00000000 </kp>
				<kv>      20.00000000 </kv>
			</ControlLinear>
			<ControlLinear name="bifemsh_l.excitation">
				<is_model_control> true </is_model_control>
				<extrapolate> true </extrapolate>
				<default_min>       0.02000000 </default_min>
				<default_max>       1.00000000 </default_max>
				<filter_on> false </filter_on>
				<use_steps> true </use_steps>
				<x_nodes/>
				<min_nodes/>
				<max_nodes/>
				<kp>     100.00000000 </kp>
				<kv>      20.00000000 </kv>
			</ControlLinear>
			<ControlLinear name="sar_l.excitation">
				<is_model_control> true </is_model_control>
				<extrapolate> true </extrapolate>
				<default_min>       0.02000000 </default_min>
				<default_max>       1.00000000 </default_max>
				<filter_on> false </filter_on>
				<use_steps> true </use_steps>
				<x_nodes/>
				<min_nodes/>
				<max_nodes/>
				<kp>     100.00000000 </kp>
				<kv>      20.00000000 </kv>
			</ControlLinear>
			<ControlLinear name="add_mag2_l.excitation">
				<is_model_control> true </is_model_control>
				<extrapolate> true </extrapolate>
				<default_min>       0.02000000 </default_min>
				<default_max>       1.00000000 </default_max>
				<filter_on> false </filter_on>
				<use_steps> true </use_steps>
				<x_nodes/>
				<min_nodes/>
				<max_nodes/>
				<kp>     100.00000000 </kp>
				<kv>      20.00000000 </kv>
			</ControlLinear>
			<ControlLinear name="tfl_l.excitation">
				<is_model_control> true </is_model_control>
				<extrapolate> true </extrapolate>
				<default_min>       0.02000000 </default_min>
				<default_max>       1.00000000 </default_max>
				<filter_on> false </filter_on>
				<use_steps> true </use_steps>
				<x_nodes/>
				<min_nodes/>
				<max_nodes/>
				<kp>     100.00000000 </kp>
				<kv>      20.00000000 </kv>
			</ControlLinear>
			<ControlLinear name="pect_l.excitation">
				<is_model_control> true </is_model_control>
				<extrapolate> true </extrapolate>
				<default_min>       0.02000000 </default_min>
				<default_max>       1.00000000 </default_max>
				<filter_on> false </filter_on>
				<use_steps> true </use_steps>
				<x_nodes/>
				<min_nodes/>
				<max_nodes/>
				<kp>     100.00000000 </kp>
				<kv>      20.00000000 </kv>
			</ControlLinear>
			<ControlLinear name="grac_l.excitation">
				<is_model_control> true </is_model_control>
				<extrapolate> true </extrapolate>
				<default_min>       0.02000000 </default_min>
				<default_max>       1.00000000 </default_max>
				<filter_on> false </filter_on>
				<use_steps> true </use_steps>
				<x_nodes/>
				<min_nodes/>
				<max_nodes/>
				<kp>     100.00000000 </kp>
				<kv>      20.00000000 </kv>
			</ControlLinear>
			<ControlLinear name="glut_max1_l.excitation">
				<is_model_control> true </is_model_control>
				<extrapolate> true </extrapolate>
				<default_min>       0.02000000 </default_min>
				<default_max>       1.00000000 </default_max>
				<filter_on> false </filter_on>
				<use_steps> true </use_steps>
				<x_nodes/>
				<min_nodes/>
				<max_nodes/>
				<kp>     100.00000000 </kp>
				<kv>      20.00000000 </kv>
			</ControlLinear>
			<ControlLinear name="glut_max2_l.excitation">
				<is_model_control> true </is_model_control>
				<extrapolate> true </extrapolate>
				<default_min>       0.02000000 </default_min>
				<default_max>       1.00000000 </default_max>
				<filter_on> false </filter_on>
				<use_steps> true </use_steps>
				<x_nodes/>
				<min_nodes/>
				<max_nodes/>
				<kp>     100.00000000 </kp>
				<kv>      20.00000000 </kv>
			</ControlLinear>
			<ControlLinear name="glut_max3_l.excitation">
				<is_model_control> true </is_model_control>
				<extrapolate> true </extrapolate>
				<default_min>       0.02000000 </default_min>
				<default_max>       1.00000000 </default_max>
				<filter_on> false </filter_on>
				<use_steps> true </use_steps>
				<x_nodes/>
				<min_nodes/>
				<max_nodes/>
				<kp>     100.00000000 </kp>
				<kv>      20.00000000 </kv>
			</ControlLinear>
			<ControlLinear name="iliacus_l.excitation">
				<is_model_control> true </is_model_control>
				<extrapolate> true </extrapolate>
				<default_min>       0.02000000 </default_min>
				<default_max>       1.00000000 </default_max>
				<filter_on> false </filter_on>
				<use_steps> true </use_steps>
				<x_nodes/>
				<min_nodes/>
				<max_nodes/>
				<kp>     100.00000000 </kp>
				<kv>      20.00000000 </kv>
			</ControlLinear>
			<ControlLinear name="psoas_l.excitation">
				<is_model_control> true </is_model_control>
				<extrapolate> true </extrapolate>
				<default_min>       0.02000000 </default_min>
				<default_max>       1.00000000 </default_max>
				<filter_on> false </filter_on>
				<use_steps> true </use_steps>
				<x_nodes/>
				<min_nodes/>
				<max_nodes/>
				<kp>     100.00000000 </kp>
				<kv>      20.00000000 </kv>
			</ControlLinear>
			<ControlLinear name="quad_fem_l.excitation">
				<is_model_control> true </is_model_control>
				<extrapolate> true </extrapolate>
				<default_min>       0.02000000 </default_min>
				<default_max>       1.00000000 </default_max>
				<filter_on> false </filter_on>
				<use_steps> true </use_steps>
				<x_nodes/>
				<min_nodes/>
				<max_nodes/>
				<kp>     100.00000000 </kp>
				<kv>      20.00000000 </kv>
			</ControlLinear>
			<ControlLinear name="gem_l.excitation">
				<is_model_control> true </is_model_control>
				<extrapolate> true </extrapolate>
				<default_min>       0.02000000 </default_min>
				<default_max>       1.00000000 </default_max>
				<filter_on> false </filter_on>
				<use_steps> true </use_steps>
				<x_nodes/>
				<min_nodes/>
				<max_nodes/>
				<kp>     100.00000000 </kp>
				<kv>      20.00000000 </kv>
			</ControlLinear>
			<ControlLinear name="peri_l.excitation">
				<is_model_control> true </is_model_control>
				<extrapolate> true </extrapolate>
				<default_min>       0.02000000 </default_min>
				<default_max>       1.00000000 </default_max>
				<filter_on> false </filter_on>
				<use_steps> true </use_steps>
				<x_nodes/>
				<min_nodes/>
				<max_nodes/>
				<kp>     100.00000000 </kp>
				<kv>      20.00000000 </kv>
			</ControlLinear>
			<ControlLinear name="rect_fem_l.excitation">
				<is_model_control> true </is_model_control>
				<extrapolate> true </extrapolate>
				<default_min>       0.02000000 </default_min>
				<default_max>       1.00000000 </default_max>
				<filter_on> false </filter_on>
				<use_steps> true </use_steps>
				<x_nodes/>
				<min_nodes/>
				<max_nodes/>
				<kp>     100.00000000 </kp>
				<kv>      20.00000000 </kv>
			</ControlLinear>
			<ControlLinear name="vas_int_l.excitation">
				<is_model_control> true </is_model_control>
				<extrapolate> true </extrapolate>
				<default_min>       0.02000000 </default_min>
				<default_max>       1.00000000 </default_max>
				<filter_on> false </filter_on>
				<use_steps> true </use_steps>
				<x_nodes/>
				<min_nodes/>
				<max_nodes/>
				<kp>     100.00000000 </kp>
				<kv>      20.00000000 </kv>
			</ControlLinear>
			<ControlLinear name="med_gas_l.excitation">
				<is_model_control> true </is_model_control>
				<extrapolate> true </extrapolate>
				<default_min>       0.02000000 </default_min>
				<default_max>       1.00000000 </default_max>
				<filter_on> false </filter_on>
				<use_steps> true </use_steps>
				<x_nodes/>
				<min_nodes/>
				<max_nodes/>
				<kp>     100.00000000 </kp>
				<kv>      20.00000000 </kv>
			</ControlLinear>
			<ControlLinear name="soleus_l.excitation">
				<is_model_control> true </is_model_control>
				<extrapolate> true </extrapolate>
				<default_min>       0.02000000 </default_min>
				<default_max>       1.00000000 </default_max>
				<filter_on> false </filter_on>
				<use_steps> true </use_steps>
				<x_nodes/>
				<min_nodes/>
				<max_nodes/>
				<kp>     100.00000000 </kp>
				<kv>      20.00000000 </kv>
			</ControlLinear>
			<ControlLinear name="tib_post_l.excitation">
				<is_model_control> true </is_model_control>
				<extrapolate> true </extrapolate>
				<default_min>       0.02000000 </default_min>
				<default_max>       1.00000000 </default_max>
				<filter_on> false </filter_on>
				<use_steps> true </use_steps>
				<x_nodes/>
				<min_nodes/>
				<max_nodes/>
				<kp>     100.00000000 </kp>
				<kv>      20.00000000 </kv>
			</ControlLinear>
			<ControlLinear name="tib_ant_l.excitation">
				<is_model_control> true </is_model_control>
				<extrapolate> true </extrapolate>
				<default_min>       0.02000000 </default_min>
				<default_max>       1.00000000 </default_max>
				<filter_on> false </filter_on>
				<use_steps> true </use_steps>
				<x_nodes/>
				<min_nodes/>
				<max_nodes/>
				<kp>     100.00000000 </kp>
				<kv>      20.00000000 </kv>
			</ControlLinear>
			<ControlLinear name="ercspn_r.excitation">
				<is_model_control> true </is_model_control>
				<extrapolate> true </extrapolate>
				<default_min>       0.02000000 </default_min>
				<default_max>       1.00000000 </default_max>
				<filter_on> false </filter_on>
				<use_steps> true </use_steps>
				<x_nodes/>
				<min_nodes/>
				<max_nodes/>
				<kp>     100.00000000 </kp>
				<kv>      20.00000000 </kv>
			</ControlLinear>
			<ControlLinear name="ercspn_l.excitation">
				<is_model_control> true </is_model_control>
				<extrapolate> true </extrapolate>
				<default_min>       0.02000000 </default_min>
				<default_max>       1.00000000 </default_max>
				<filter_on> false </filter_on>
				<use_steps> true </use_steps>
				<x_nodes/>
				<min_nodes/>
				<max_nodes/>
				<kp>     100.00000000 </kp>
				<kv>      20.00000000 </kv>
			</ControlLinear>
			<ControlLinear name="intobl_r.excitation">
				<is_model_control> true </is_model_control>
				<extrapolate> true </extrapolate>
				<default_min>       0.02000000 </default_min>
				<default_max>       1.00000000 </default_max>
				<filter_on> false </filter_on>
				<use_steps> true </use_steps>
				<x_nodes/>
				<min_nodes/>
				<max_nodes/>
				<kp>     100.00000000 </kp>
				<kv>      20.00000000 </kv>
			</ControlLinear>
			<ControlLinear name="intobl_l.excitation">
				<is_model_control> true </is_model_control>
				<extrapolate> true </extrapolate>
				<default_min>       0.02000000 </default_min>
				<default_max>       1.00000000 </default_max>
				<filter_on> false </filter_on>
				<use_steps> true </use_steps>
				<x_nodes/>
				<min_nodes/>
				<max_nodes/>
				<kp>     100.00000000 </kp>
				<kv>      20.00000000 </kv>
			</ControlLinear>
			<ControlLinear name="extobl_r.excitation">
				<is_model_control> true </is_model_control>
				<extrapolate> true </extrapolate>
				<default_min>       0.02000000 </default_min>
				<default_max>       1.00000000 </default_max>
				<filter_on> false </filter_on>
				<use_steps> true </use_steps>
				<x_nodes/>
				<min_nodes/>
				<max_nodes/>
				<kp>     100.00000000 </kp>
				<kv>      20.00000000 </kv>
			</ControlLinear>
			<ControlLinear name="extobl_l.excitation">
				<is_model_control> true </is_model_control>
				<extrapolate> true </extrapolate>
				<default_min>       0.02000000 </default_min>
				<default_max>       1.00000000 </default_max>
				<filter_on> false </filter_on>
				<use_steps> true </use_steps>
				<x_nodes/>
				<min_nodes/>
				<max_nodes/>
				<kp>     100.00000000 </kp>
				<kv>      20.00000000 </kv>
			</ControlLinear>
	</objects>
		<groups/>
	</ControlSet>
</OpenSimDocument>

