<?xml version="1.0" encoding="UTF-8" ?>
<OpenSimDocument Version="30000">
	<InverseKinematicsTool>
		<!--Directory used for writing results.-->
		<results_directory>./</results_directory>
		<!--Directory for input files-->
		<input_directory />
		<!--Name of the .osim file used to construct a model.-->
		<model_file> ../subject01.osim </model_file>
		<!--A positive scalar that is used to weight the importance of satisfying constraints.A weighting of 'Infinity' or if it is unassigned results in the constraints being strictly enforced.-->
		<constraint_weight>Inf</constraint_weight>
		<!--The accuracy of the solution in absolute terms. I.e. the number of significantdigits to which the solution can be trusted.-->
		<accuracy>1e-005</accuracy>
		<!--Markers and coordinates to be considered (tasks) and their weightings.-->
		<IKTaskSet>
			<objects>
				<IKMarkerTask name="Sternum">
					<!--Whether or not this task will be used during inverse kinematics solve.-->
					<apply>true</apply>
					<!--Weight given to a marker or coordinate for solving inverse kinematics problems.-->
					<weight>1</weight>
				</IKMarkerTask>
				<IKMarkerTask name="R.Acromium">
					<!--Whether or not this task will be used during inverse kinematics solve.-->
					<apply>true</apply>
					<!--Weight given to a marker or coordinate for solving inverse kinematics problems.-->
					<weight>1</weight>
				</IKMarkerTask>
				<IKMarkerTask name="L.Acromium">
					<!--Whether or not this task will be used during inverse kinematics solve.-->
					<apply>true</apply>
					<!--Weight given to a marker or coordinate for solving inverse kinematics problems.-->
					<weight>1</weight>
				</IKMarkerTask>
				<IKMarkerTask name="Top.Head">
					<!--Whether or not this task will be used during inverse kinematics solve.-->
					<apply>true</apply>
					<!--Weight given to a marker or coordinate for solving inverse kinematics problems.-->
					<weight>3</weight>
				</IKMarkerTask>
				<IKMarkerTask name="R.ASIS">
					<!--Whether or not this task will be used during inverse kinematics solve.-->
					<apply>true</apply>
					<!--Weight given to a marker or coordinate for solving inverse kinematics problems.-->
					<weight>3</weight>
				</IKMarkerTask>
				<IKMarkerTask name="L.ASIS">
					<!--Whether or not this task will be used during inverse kinematics solve.-->
					<apply>true</apply>
					<!--Weight given to a marker or coordinate for solving inverse kinematics problems.-->
					<weight>3</weight>
				</IKMarkerTask>
				<IKMarkerTask name="V.Sacral">
					<!--Whether or not this task will be used during inverse kinematics solve.-->
					<apply>true</apply>
					<!--Weight given to a marker or coordinate for solving inverse kinematics problems.-->
					<weight>3</weight>
				</IKMarkerTask>
				<IKMarkerTask name="R.Thigh.Upper">
					<!--Whether or not this task will be used during inverse kinematics solve.-->
					<apply>true</apply>
					<!--Weight given to a marker or coordinate for solving inverse kinematics problems.-->
					<weight>1</weight>
				</IKMarkerTask>
				<IKMarkerTask name="R.Thigh.Front">
					<!--Whether or not this task will be used during inverse kinematics solve.-->
					<apply>true</apply>
					<!--Weight given to a marker or coordinate for solving inverse kinematics problems.-->
					<weight>1</weight>
				</IKMarkerTask>
				<IKMarkerTask name="R.Thigh.Rear">
					<!--Whether or not this task will be used during inverse kinematics solve.-->
					<apply>true</apply>
					<!--Weight given to a marker or coordinate for solving inverse kinematics problems.-->
					<weight>1</weight>
				</IKMarkerTask>
				<IKMarkerTask name="R.Knee.Lat">
					<!--Whether or not this task will be used during inverse kinematics solve.-->
					<apply>false</apply>
					<!--Weight given to a marker or coordinate for solving inverse kinematics problems.-->
					<weight>1</weight>
				</IKMarkerTask>
				<IKMarkerTask name="R.Knee.Med">
					<!--Whether or not this task will be used during inverse kinematics solve.-->
					<apply>false</apply>
					<!--Weight given to a marker or coordinate for solving inverse kinematics problems.-->
					<weight>1</weight>
				</IKMarkerTask>
				<IKMarkerTask name="R.Shank.Upper">
					<!--Whether or not this task will be used during inverse kinematics solve.-->
					<apply>true</apply>
					<!--Weight given to a marker or coordinate for solving inverse kinematics problems.-->
					<weight>1</weight>
				</IKMarkerTask>
				<IKMarkerTask name="R.Shank.Front">
					<!--Whether or not this task will be used during inverse kinematics solve.-->
					<apply>true</apply>
					<!--Weight given to a marker or coordinate for solving inverse kinematics problems.-->
					<weight>1</weight>
				</IKMarkerTask>
				<IKMarkerTask name="R.Shank.Rear">
					<!--Whether or not this task will be used during inverse kinematics solve.-->
					<apply>true</apply>
					<!--Weight given to a marker or coordinate for solving inverse kinematics problems.-->
					<weight>1</weight>
				</IKMarkerTask>
				<IKMarkerTask name="R.Ankle.Lat">
					<!--Whether or not this task will be used during inverse kinematics solve.-->
					<apply>false</apply>
					<!--Weight given to a marker or coordinate for solving inverse kinematics problems.-->
					<weight>1</weight>
				</IKMarkerTask>
				<IKMarkerTask name="R.Ankle.Med">
					<!--Whether or not this task will be used during inverse kinematics solve.-->
					<apply>false</apply>
					<!--Weight given to a marker or coordinate for solving inverse kinematics problems.-->
					<weight>1</weight>
				</IKMarkerTask>
				<IKMarkerTask name="R.Heel">
					<!--Whether or not this task will be used during inverse kinematics solve.-->
					<apply>true</apply>
					<!--Weight given to a marker or coordinate for solving inverse kinematics problems.-->
					<weight>2</weight>
				</IKMarkerTask>
				<IKMarkerTask name="R.Midfoot.Sup">
					<!--Whether or not this task will be used during inverse kinematics solve.-->
					<apply>true</apply>
					<!--Weight given to a marker or coordinate for solving inverse kinematics problems.-->
					<weight>1</weight>
				</IKMarkerTask>
				<IKMarkerTask name="R.Midfoot.Lat">
					<!--Whether or not this task will be used during inverse kinematics solve.-->
					<apply>true</apply>
					<!--Weight given to a marker or coordinate for solving inverse kinematics problems.-->
					<weight>1</weight>
				</IKMarkerTask>
				<IKMarkerTask name="R.Toe.Lat">
					<!--Whether or not this task will be used during inverse kinematics solve.-->
					<apply>true</apply>
					<!--Weight given to a marker or coordinate for solving inverse kinematics problems.-->
					<weight>1</weight>
				</IKMarkerTask>
				<IKMarkerTask name="R.Toe.Med">
					<!--Whether or not this task will be used during inverse kinematics solve.-->
					<apply>true</apply>
					<!--Weight given to a marker or coordinate for solving inverse kinematics problems.-->
					<weight>1</weight>
				</IKMarkerTask>
				<IKMarkerTask name="R.Toe.Tip">
					<!--Whether or not this task will be used during inverse kinematics solve.-->
					<apply>true</apply>
					<!--Weight given to a marker or coordinate for solving inverse kinematics problems.-->
					<weight>2</weight>
				</IKMarkerTask>
				<IKMarkerTask name="L.Thigh.Upper">
					<!--Whether or not this task will be used during inverse kinematics solve.-->
					<apply>true</apply>
					<!--Weight given to a marker or coordinate for solving inverse kinematics problems.-->
					<weight>1</weight>
				</IKMarkerTask>
				<IKMarkerTask name="L.Thigh.Front">
					<!--Whether or not this task will be used during inverse kinematics solve.-->
					<apply>true</apply>
					<!--Weight given to a marker or coordinate for solving inverse kinematics problems.-->
					<weight>1</weight>
				</IKMarkerTask>
				<IKMarkerTask name="L.Thigh.Rear">
					<!--Whether or not this task will be used during inverse kinematics solve.-->
					<apply>true</apply>
					<!--Weight given to a marker or coordinate for solving inverse kinematics problems.-->
					<weight>1</weight>
				</IKMarkerTask>
				<IKMarkerTask name="L.Knee.Lat">
					<!--Whether or not this task will be used during inverse kinematics solve.-->
					<apply>false</apply>
					<!--Weight given to a marker or coordinate for solving inverse kinematics problems.-->
					<weight>1</weight>
				</IKMarkerTask>
				<IKMarkerTask name="L.Knee.Med">
					<!--Whether or not this task will be used during inverse kinematics solve.-->
					<apply>false</apply>
					<!--Weight given to a marker or coordinate for solving inverse kinematics problems.-->
					<weight>1</weight>
				</IKMarkerTask>
				<IKMarkerTask name="L.Shank.Upper">
					<!--Whether or not this task will be used during inverse kinematics solve.-->
					<apply>true</apply>
					<!--Weight given to a marker or coordinate for solving inverse kinematics problems.-->
					<weight>1</weight>
				</IKMarkerTask>
				<IKMarkerTask name="L.Shank.Front">
					<!--Whether or not this task will be used during inverse kinematics solve.-->
					<apply>true</apply>
					<!--Weight given to a marker or coordinate for solving inverse kinematics problems.-->
					<weight>1</weight>
				</IKMarkerTask>
				<IKMarkerTask name="L.Shank.Rear">
					<!--Whether or not this task will be used during inverse kinematics solve.-->
					<apply>true</apply>
					<!--Weight given to a marker or coordinate for solving inverse kinematics problems.-->
					<weight>1</weight>
				</IKMarkerTask>
				<IKMarkerTask name="L.Ankle.Lat">
					<!--Whether or not this task will be used during inverse kinematics solve.-->
					<apply>false</apply>
					<!--Weight given to a marker or coordinate for solving inverse kinematics problems.-->
					<weight>1</weight>
				</IKMarkerTask>
				<IKMarkerTask name="L.Ankle.Med">
					<!--Whether or not this task will be used during inverse kinematics solve.-->
					<apply>false</apply>
					<!--Weight given to a marker or coordinate for solving inverse kinematics problems.-->
					<weight>1</weight>
				</IKMarkerTask>
				<IKMarkerTask name="L.Heel">
					<!--Whether or not this task will be used during inverse kinematics solve.-->
					<apply>true</apply>
					<!--Weight given to a marker or coordinate for solving inverse kinematics problems.-->
					<weight>2</weight>
				</IKMarkerTask>
				<IKMarkerTask name="L.Midfoot.Sup">
					<!--Whether or not this task will be used during inverse kinematics solve.-->
					<apply>true</apply>
					<!--Weight given to a marker or coordinate for solving inverse kinematics problems.-->
					<weight>1</weight>
				</IKMarkerTask>
				<IKMarkerTask name="L.Midfoot.Lat">
					<!--Whether or not this task will be used during inverse kinematics solve.-->
					<apply>true</apply>
					<!--Weight given to a marker or coordinate for solving inverse kinematics problems.-->
					<weight>1</weight>
				</IKMarkerTask>
				<IKMarkerTask name="L.Toe.Lat">
					<!--Whether or not this task will be used during inverse kinematics solve.-->
					<apply>true</apply>
					<!--Weight given to a marker or coordinate for solving inverse kinematics problems.-->
					<weight>1</weight>
				</IKMarkerTask>
				<IKMarkerTask name="L.Toe.Med">
					<!--Whether or not this task will be used during inverse kinematics solve.-->
					<apply>true</apply>
					<!--Weight given to a marker or coordinate for solving inverse kinematics problems.-->
					<weight>1</weight>
				</IKMarkerTask>
				<IKMarkerTask name="L.Toe.Tip">
					<!--Whether or not this task will be used during inverse kinematics solve.-->
					<apply>true</apply>
					<!--Weight given to a marker or coordinate for solving inverse kinematics problems.-->
					<weight>2</weight>
				</IKMarkerTask>
			</objects>
			<groups />
		</IKTaskSet>
		<!--TRC file (.trc) containing the time history of observations of marker positions.-->
		<marker_file>../ExperimentalData/subject01_walk.trc</marker_file>
		<!--The name of the storage (.sto or .mot) file containing coordinate observations.Coordinate values from this file are included if there is a corresponding coordinate task. -->
		<coordinate_file>Unassigned</coordinate_file>
		<!--Time range over which the inverse kinematics problem is solved.-->
		<time_range> 0 2.5</time_range>
		<!--Flag (true or false) indicating whether or not to report marker errors from the inverse kinematics solution.-->
		<report_errors>true</report_errors>
		<!--Name of the motion file (.mot) to which the results should be written.-->
		<output_motion_file>subject01_walk_IK.mot</output_motion_file>
		<!--Flag indicating whether or not to report model marker locations in ground.-->
		<report_marker_locations>false</report_marker_locations>
	</InverseKinematicsTool>
</OpenSimDocument>
